model,sample,test_year,mae,rmse,mae_short
B0 naive (constant 1.0),full cohort,2016,0.039403,0.159988,0.5551
B0 naive (constant 1.0),full cohort,2017,0.020863,0.113719,0.5212
B0 naive (constant 1.0),full cohort,2018,0.047102,0.185991,0.6705
B0 naive (constant 1.0),full cohort,2019,0.048465,0.190227,0.6888
R002 fractional logit,dev 200k,2016,0.048573,0.145942,0.475605
R002 fractional logit,dev 200k,2017,0.035975,0.10617,0.418169
R002 fractional logit,dev 200k,2018,0.057499,0.168932,0.584961
R002 fractional logit,dev 200k,2019,0.062817,0.174698,0.59839
R003 gradient boosting (untuned),dev 200k,2016,0.04622,0.144465,0.467148
R003 gradient boosting (untuned),dev 200k,2017,0.032881,0.105433,0.41411
R003 gradient boosting (untuned),dev 200k,2018,0.052319,0.164655,0.562753
R003 gradient boosting (untuned),dev 200k,2019,0.056242,0.168812,0.582508
R012 gradient boosting (tuned),full cohort,2016,0.048741,0.144219,0.472979
R012 gradient boosting (tuned),full cohort,2017,0.032583,0.103603,0.412882
R012 gradient boosting (tuned),full cohort,2018,0.051725,0.161757,0.553429
R012 gradient boosting (tuned),full cohort,2019,0.056937,0.169024,0.583587
