dimension,group,n,observed_short_rate,mean_predicted,bias_pred_minus_obs,ece,calib_intercept,calib_slope
overall,all,215848,0.070364,0.045585,-0.024779,0.025063,0.352,0.8843
gender,female,170458,0.046457,0.030317,-0.01614,0.016439,0.2597,0.8851
gender,male,45390,0.160145,0.102923,-0.057222,0.057308,0.375,0.8186
sector,Agriculture,59017,0.08362,0.052959,-0.030661,0.03085,0.3559,0.8885
sector,Arts,3851,0.002597,0.006172,0.003575,0.003575,-0.2024,1.1687
sector,Clean Energy,2911,0.000344,0.008451,0.008108,0.008108,-0.9782,1.9923
sector,Clothing,8106,0.093881,0.061876,-0.032005,0.032465,0.1331,0.7542
sector,Construction,1905,0.085039,0.041832,-0.043207,0.044794,1.3239,1.1878
sector,Education,10137,0.002762,0.016261,0.013499,0.013499,-0.3841,1.4884
sector,Food,42202,0.071395,0.04375,-0.027645,0.027906,0.321,0.8416
sector,Health,4181,0.099498,0.053,-0.046498,0.047873,0.518,0.8759
sector,Housing,22825,0.029398,0.023417,-0.00598,0.007182,0.3985,1.0452
sector,Manufacturing,1558,0.001284,0.008556,0.007272,0.007272,-0.2805,1.4473
sector,Personal Use,8368,0.020674,0.020162,-0.000512,0.002008,-0.0,0.9807
sector,Retail,33004,0.098776,0.060522,-0.038254,0.038505,0.2285,0.7269
sector,Reuse & Recycle,2247,0.029818,0.027095,-0.002722,0.005232,0.4229,1.1352
sector,Services,11744,0.087619,0.055676,-0.031943,0.032397,0.6262,1.0053
sector,Transportation,3288,0.194647,0.122006,-0.072641,0.073198,0.4952,0.7702
sector,Water,223,0.022422,0.04254,0.020118,0.020118,2.7332,2.9291
country_iso,PH,47777,0.0216,0.007582,-0.014019,0.014522,0.9767,0.9258
country_iso,KE,28672,0.113525,0.066984,-0.046541,0.047018,0.3656,0.8067
country_iso,UG,12005,0.151354,0.066681,-0.084673,0.085262,1.1298,0.8962
country_iso,SV,9363,0.087472,0.109995,0.022523,0.025006,-0.2671,1.0352
country_iso,CO,9240,0.153788,0.10956,-0.044228,0.046862,0.4115,0.9365
country_iso,EC,8593,0.029326,0.019991,-0.009335,0.015357,1.7624,1.5228
country_iso,KH,7361,0.016438,0.033059,0.016621,0.016621,0.5466,1.8755
country_iso,TJ,6956,0.054054,0.054571,0.000517,0.022848,-0.4667,0.784
country_iso,PE,5844,0.075804,0.020072,-0.055732,0.056675,1.6279,0.9802
country_iso,LB,5172,0.117169,0.061457,-0.055712,0.062859,1.0352,1.0771
country_iso,VN,4224,0.024858,0.038148,0.013291,0.013658,0.6357,1.4571
