dimension,group,n,operating_point,cutoff,prevalence,n_flagged,tpr_recall,fpr,fnr,precision,selection_rate
overall,all,215848,p>=0.5,0.5,0.070364,1607,0.065249,0.00307,0.934751,0.616677,0.007445
overall,all,215848,top-K prevalence,0.195867,0.070364,15189,0.390111,0.046168,0.609889,0.390085,0.070369
gender,female,170458,p>=0.5,0.5,0.046457,318,0.019447,0.001009,0.980553,0.484277,0.001866
gender,female,170458,top-K prevalence,0.195867,0.046457,6419,0.248769,0.027372,0.751231,0.306901,0.037657
gender,male,45390,p>=0.5,0.5,0.160145,1289,0.115147,0.011857,0.884853,0.649341,0.028398
gender,male,45390,top-K prevalence,0.195867,0.160145,8770,0.544091,0.126308,0.455909,0.450969,0.193214
sector,Agriculture,59017,p>=0.5,0.5,0.08362,196,0.025937,0.001257,0.974063,0.653061,0.003321
sector,Agriculture,59017,top-K prevalence,0.195867,0.08362,4539,0.342249,0.052698,0.657751,0.372108,0.07691
sector,Arts,3851,p>=0.5,0.5,0.002597,0,0.0,0.0,1.0,0.0,0.0
sector,Arts,3851,top-K prevalence,0.195867,0.002597,1,0.0,0.00026,1.0,0.0,0.00026
sector,Clean Energy,2911,p>=0.5,0.5,0.000344,0,0.0,0.0,1.0,0.0,0.0
sector,Clean Energy,2911,top-K prevalence,0.195867,0.000344,10,0.0,0.003436,1.0,0.0,0.003435
sector,Clothing,8106,p>=0.5,0.5,0.093881,111,0.086728,0.006127,0.913272,0.594595,0.013694
sector,Clothing,8106,top-K prevalence,0.195867,0.093881,881,0.420499,0.076378,0.579501,0.363224,0.108685
sector,Construction,1905,p>=0.5,0.5,0.085039,0,0.0,0.0,1.0,0.0,0.0
sector,Construction,1905,top-K prevalence,0.195867,0.085039,64,0.191358,0.018933,0.808642,0.484375,0.033596
sector,Education,10137,p>=0.5,0.5,0.002762,0,0.0,0.0,1.0,0.0,0.0
sector,Education,10137,top-K prevalence,0.195867,0.002762,15,0.035714,0.001385,0.964286,0.066667,0.00148
sector,Food,42202,p>=0.5,0.5,0.071395,216,0.046797,0.001914,0.953203,0.652778,0.005118
sector,Food,42202,top-K prevalence,0.195867,0.071395,2940,0.37836,0.045931,0.62164,0.387755,0.069665
sector,Health,4181,p>=0.5,0.5,0.099498,5,0.004808,0.000797,0.995192,0.4,0.001196
sector,Health,4181,top-K prevalence,0.195867,0.099498,260,0.240385,0.042497,0.759615,0.384615,0.062186
sector,Housing,22825,p>=0.5,0.5,0.029398,82,0.076006,0.001399,0.923994,0.621951,0.003593
sector,Housing,22825,top-K prevalence,0.195867,0.029398,875,0.454545,0.025729,0.545455,0.348571,0.038335
sector,Manufacturing,1558,p>=0.5,0.5,0.001284,0,0.0,0.0,1.0,0.0,0.0
sector,Manufacturing,1558,top-K prevalence,0.195867,0.001284,0,0.0,0.0,1.0,0.0,0.0
sector,Personal Use,8368,p>=0.5,0.5,0.020674,25,0.098266,0.000976,0.901734,0.68,0.002988
sector,Personal Use,8368,top-K prevalence,0.195867,0.020674,331,0.485549,0.03014,0.514451,0.253776,0.039555
sector,Retail,33004,p>=0.5,0.5,0.098776,677,0.122699,0.009313,0.877301,0.590842,0.020513
sector,Retail,33004,top-K prevalence,0.195867,0.098776,3454,0.433742,0.068585,0.566258,0.40938,0.104654
sector,Reuse & Recycle,2247,p>=0.5,0.5,0.029818,2,0.014925,0.000459,0.985075,0.5,0.00089
sector,Reuse & Recycle,2247,top-K prevalence,0.195867,0.029818,59,0.298507,0.01789,0.701493,0.338983,0.026257
sector,Services,11744,p>=0.5,0.5,0.087619,79,0.050534,0.00252,0.949466,0.658228,0.006727
sector,Services,11744,top-K prevalence,0.195867,0.087619,973,0.418853,0.050583,0.581147,0.44296,0.082851
sector,Transportation,3288,p>=0.5,0.5,0.194647,214,0.207813,0.030589,0.792188,0.621495,0.065085
sector,Transportation,3288,top-K prevalence,0.195867,0.194647,767,0.598437,0.145015,0.401562,0.499348,0.233273
sector,Water,223,p>=0.5,0.5,0.022422,0,0.0,0.0,1.0,0.0,0.0
sector,Water,223,top-K prevalence,0.195867,0.022422,7,0.8,0.013761,0.2,0.571429,0.03139
country_iso,PH,47777,p>=0.5,0.5,0.0216,2,0.000969,2.1e-05,0.999031,0.5,4.2e-05
country_iso,PH,47777,top-K prevalence,0.195867,0.0216,202,0.101744,0.002075,0.898256,0.519802,0.004228
country_iso,KE,28672,p>=0.5,0.5,0.113525,435,0.0851,0.006216,0.9149,0.636782,0.015172
country_iso,KE,28672,top-K prevalence,0.195867,0.113525,3102,0.401229,0.070661,0.598771,0.421019,0.108189
country_iso,UG,12005,p>=0.5,0.5,0.151354,241,0.101266,0.005595,0.898734,0.763485,0.020075
country_iso,UG,12005,top-K prevalence,0.195867,0.151354,1461,0.465052,0.060463,0.534948,0.578371,0.121699
country_iso,SV,9363,p>=0.5,0.5,0.087472,202,0.103785,0.013694,0.896215,0.420792,0.021574
country_iso,SV,9363,top-K prevalence,0.195867,0.087472,1995,0.663004,0.169944,0.336996,0.27218,0.213073
country_iso,CO,9240,p>=0.5,0.5,0.153788,301,0.131597,0.01458,0.868403,0.621262,0.032576
country_iso,CO,9240,top-K prevalence,0.195867,0.153788,1844,0.55665,0.134672,0.44335,0.428959,0.199567
country_iso,EC,8593,p>=0.5,0.5,0.029326,4,0.007937,0.00024,0.992063,0.5,0.000465
country_iso,EC,8593,top-K prevalence,0.195867,0.029326,133,0.25,0.008392,0.75,0.473684,0.015478
country_iso,KH,7361,p>=0.5,0.5,0.016438,0,0.0,0.0,1.0,0.0,0.0
country_iso,KH,7361,top-K prevalence,0.195867,0.016438,375,0.669421,0.040608,0.330579,0.216,0.050944
country_iso,TJ,6956,p>=0.5,0.5,0.054054,63,0.045213,0.006991,0.954787,0.269841,0.009057
country_iso,TJ,6956,top-K prevalence,0.195867,0.054054,516,0.276596,0.062614,0.723404,0.20155,0.074181
country_iso,PE,5844,p>=0.5,0.5,0.075804,1,0.002257,0.0,0.997743,1.0,0.000171
country_iso,PE,5844,top-K prevalence,0.195867,0.075804,99,0.10158,0.009998,0.89842,0.454545,0.01694
country_iso,LB,5172,p>=0.5,0.5,0.117169,20,0.021452,0.001533,0.978548,0.65,0.003867
country_iso,LB,5172,top-K prevalence,0.195867,0.117169,435,0.315182,0.053438,0.684818,0.43908,0.084107
country_iso,VN,4224,p>=0.5,0.5,0.024858,0,0.0,0.0,1.0,0.0,0.0
country_iso,VN,4224,top-K prevalence,0.195867,0.024858,76,0.114286,0.015538,0.885714,0.157895,0.017992
