dimension,group,n,mae,rmse,mae_short,n_short,mean_signed_error,mean_actual,mean_pred
overall,all,215848,0.056937,0.169024,0.583587,15188,0.025101,0.951535,0.976636
gender,female,170458,0.039564,0.140079,0.599476,7919,0.016104,0.968616,0.98472
gender,male,45390,0.122182,0.249337,0.566277,7269,0.05889,0.887388,0.946278
sector,Agriculture,59017,0.069889,0.187658,0.601184,4935,0.03061,0.942167,0.972777
sector,Arts,3851,0.003356,0.023603,0.390383,10,-0.001328,0.99896,0.997631
sector,Clean Energy,2911,0.004274,0.020155,0.773094,1,-0.003743,0.999718,0.995975
sector,Clothing,8106,0.07469,0.194338,0.577993,761,0.033713,0.935276,0.968989
sector,Construction,1905,0.064038,0.179659,0.581052,162,0.034787,0.944814,0.979601
sector,Education,10137,0.009139,0.03664,0.606154,28,-0.005791,0.998206,0.992416
sector,Food,42202,0.057744,0.171694,0.590739,3013,0.026514,0.950845,0.977359
sector,Health,4181,0.076725,0.192971,0.557245,416,0.034126,0.936826,0.970952
sector,Housing,22825,0.025245,0.11059,0.590172,671,0.009432,0.979385,0.988816
sector,Manufacturing,1558,0.003667,0.018774,0.496526,2,-0.002392,0.999348,0.996956
sector,Personal Use,8368,0.018748,0.089134,0.543091,173,0.00366,0.986243,0.989903
sector,Retail,33004,0.075703,0.198849,0.57455,3260,0.037616,0.930995,0.968611
sector,Reuse & Recycle,2247,0.0271,0.105179,0.562009,67,0.006416,0.980635,0.987051
sector,Services,11744,0.067442,0.181454,0.557882,1029,0.030177,0.94152,0.971696
sector,Transportation,3288,0.138387,0.267798,0.53791,640,0.07014,0.862645,0.932785
sector,Water,223,0.024323,0.084709,0.543297,5,4e-05,0.985806,0.985846
country_iso,PH,47777,0.016082,0.095784,0.618534,1032,0.010638,0.985798,0.996436
country_iso,KE,28672,0.095012,0.227756,0.621635,3255,0.046036,0.915627,0.961662
country_iso,UG,12005,0.108728,0.255506,0.618259,1817,0.078339,0.889602,0.967941
country_iso,SV,9363,0.089806,0.182883,0.52181,819,0.001277,0.941139,0.942416
country_iso,CO,9240,0.119866,0.24107,0.55424,1421,0.05028,0.892055,0.942335
country_iso,EC,8593,0.023168,0.099601,0.538704,252,0.00842,0.98192,0.99034
country_iso,KH,7361,0.022678,0.067559,0.382701,121,-0.010312,0.991039,0.980726
country_iso,TJ,6956,0.053038,0.141208,0.52528,376,0.003685,0.966673,0.970358
country_iso,PE,5844,0.053823,0.183667,0.63553,443,0.042528,0.94894,0.991468
country_iso,LB,5172,0.090318,0.216526,0.590178,606,0.04793,0.919366,0.967296
country_iso,IN,4561,0.000932,0.001425,,0,-0.000932,1.0,0.999068
country_iso,VN,4224,0.02951,0.096053,0.552391,105,-0.002096,0.98475,0.982653
